{
  "AUC": 0.9748722010223918,
  "Precision": 0.4583333333333333,
  "Recall": 0.5789473684210527,
  "F1": 0.5116279069767442,
  "Test Default Rate": 0.025333333333333333
}